trial,testing,parameters,initial_deadline,final_deadline,net_reward,actions,success
1,False,"{'a': 0.75, 'e': 1.0}",25,0,-184.41686232454308,"{0: 14, 1: 1, 2: 6, 3: 1, 4: 3}",0
2,False,"{'a': 0.75, 'e': 0.25}",25,0,-83.08398120800172,"{0: 18, 1: 1, 2: 4, 3: 1, 4: 1}",0
3,False,"{'a': 0.75, 'e': 0.1111111111111111}",20,0,-58.93100651697368,"{0: 18, 1: 0, 2: 0, 3: 0, 4: 2}",0
4,False,"{'a': 0.75, 'e': 0.0625}",30,0,-56.34977304131138,"{0: 27, 1: 1, 2: 0, 3: 0, 4: 2}",0
5,False,"{'a': 0.75, 'e': 0.04}",25,4,2.6617945250022688,"{0: 18, 1: 1, 2: 2, 3: 0, 4: 0}",1
6,False,"{'a': 0.75, 'e': 0.027777777777777776}",25,0,-9.377417201924223,"{0: 24, 1: 0, 2: 0, 3: 0, 4: 1}",0
7,False,"{'a': 0.75, 'e': 0.02040816326530612}",30,12,7.64028149246737,"{0: 16, 1: 1, 2: 1, 3: 0, 4: 0}",1
8,False,"{'a': 0.75, 'e': 0.015625}",20,14,12.509448147870312,"{0: 6, 1: 0, 2: 0, 3: 0, 4: 0}",1
9,False,"{'a': 0.75, 'e': 0.012345679012345678}",20,0,-79.28857454975434,"{0: 17, 1: 0, 2: 0, 3: 1, 4: 2}",0
10,False,"{'a': 0.75, 'e': 0.01}",20,0,3.8013499350703848,"{0: 19, 1: 0, 2: 0, 3: 1, 4: 0}",0
11,False,"{'a': 0.75, 'e': 0.008264462809917356}",30,0,-17.761159397735888,"{0: 27, 1: 1, 2: 1, 3: 0, 4: 1}",0
12,False,"{'a': 0.75, 'e': 0.006944444444444444}",25,0,23.740243989176303,"{0: 24, 1: 0, 2: 1, 3: 0, 4: 0}",0
13,False,"{'a': 0.75, 'e': 0.005917159763313609}",30,0,-4.22333013759763,"{0: 27, 1: 1, 2: 1, 3: 1, 4: 0}",0
14,False,"{'a': 0.75, 'e': 0.00510204081632653}",20,0,-40.70728587927311,"{0: 18, 1: 0, 2: 0, 3: 1, 4: 1}",0
15,False,"{'a': 0.75, 'e': 0.0044444444444444444}",30,0,-39.88167718133469,"{0: 27, 1: 1, 2: 0, 3: 1, 4: 1}",0
16,False,"{'a': 0.75, 'e': 0.00390625}",30,0,-15.270436520621493,"{0: 28, 1: 0, 2: 1, 3: 0, 4: 1}",0
17,False,"{'a': 0.75, 'e': 0.0034602076124567475}",25,11,-23.43558068029352,"{0: 13, 1: 0, 2: 0, 3: 0, 4: 1}",1
18,False,"{'a': 0.75, 'e': 0.0030864197530864196}",20,8,0.08961401292075544,"{0: 10, 1: 1, 2: 1, 3: 0, 4: 0}",1
19,False,"{'a': 0.75, 'e': 0.002770083102493075}",20,0,34.270179073438186,"{0: 20, 1: 0, 2: 0, 3: 0, 4: 0}",0
20,False,"{'a': 0.75, 'e': 0.0025}",30,0,13.658706996900042,"{0: 27, 1: 1, 2: 2, 3: 0, 4: 0}",0
21,False,"{'a': 0.75, 'e': 0.0022675736961451248}",30,12,-8.233533528912146,"{0: 16, 1: 0, 2: 1, 3: 1, 4: 0}",1
22,False,"{'a': 0.75, 'e': 0.002066115702479339}",20,16,8.671094000075149,"{0: 4, 1: 0, 2: 0, 3: 0, 4: 0}",1
23,False,"{'a': 0.75, 'e': 0.001890359168241966}",20,0,28.79435480662259,"{0: 20, 1: 0, 2: 0, 3: 0, 4: 0}",1
24,False,"{'a': 0.75, 'e': 0.001736111111111111}",20,8,22.703755503446576,"{0: 12, 1: 0, 2: 0, 3: 0, 4: 0}",1
25,False,"{'a': 0.75, 'e': 0.0016}",25,0,12.98478356371062,"{0: 24, 1: 0, 2: 0, 3: 1, 4: 0}",0
26,False,"{'a': 0.75, 'e': 0.0014792899408284023}",25,11,21.00259551058276,"{0: 14, 1: 0, 2: 0, 3: 0, 4: 0}",1
27,False,"{'a': 0.75, 'e': 0.0013717421124828531}",25,0,32.69812446024373,"{0: 25, 1: 0, 2: 0, 3: 0, 4: 0}",0
28,False,"{'a': 0.75, 'e': 0.0012755102040816326}",20,0,2.2998315554064295,"{0: 19, 1: 0, 2: 0, 3: 1, 4: 0}",0
29,False,"{'a': 0.75, 'e': 0.0011890606420927466}",25,0,29.72338750503241,"{0: 25, 1: 0, 2: 0, 3: 0, 4: 0}",0
30,False,"{'a': 0.75, 'e': 0.0011111111111111111}",30,1,39.77590185019682,"{0: 29, 1: 0, 2: 0, 3: 0, 4: 0}",1
31,False,"{'a': 0.75, 'e': 0.001040582726326743}",25,0,35.31883899776715,"{0: 25, 1: 0, 2: 0, 3: 0, 4: 0}",0
32,False,"{'a': 0.75, 'e': 0.0009765625}",20,0,20.772527010489835,"{0: 19, 1: 1, 2: 0, 3: 0, 4: 0}",0
33,False,"{'a': 0.75, 'e': 0.0009182736455463728}",20,0,25.144927973467993,"{0: 20, 1: 0, 2: 0, 3: 0, 4: 0}",0
34,False,"{'a': 0.75, 'e': 0.0008650519031141869}",25,0,33.495765690469874,"{0: 25, 1: 0, 2: 0, 3: 0, 4: 0}",0
35,False,"{'a': 0.75, 'e': 0.0008163265306122449}",25,0,32.380279866134885,"{0: 25, 1: 0, 2: 0, 3: 0, 4: 0}",0
36,False,"{'a': 0.75, 'e': 0.0007716049382716049}",25,0,-2.6313207011474677,"{0: 24, 1: 0, 2: 0, 3: 0, 4: 1}",0
37,False,"{'a': 0.75, 'e': 0.0007304601899196494}",20,0,26.60564121490514,"{0: 20, 1: 0, 2: 0, 3: 0, 4: 0}",0
38,False,"{'a': 0.75, 'e': 0.0006925207756232687}",20,0,-36.91839734958067,"{0: 18, 1: 0, 2: 0, 3: 1, 4: 1}",0
39,False,"{'a': 0.75, 'e': 0.0006574621959237344}",20,6,18.843863966095125,"{0: 14, 1: 0, 2: 0, 3: 0, 4: 0}",1
40,False,"{'a': 0.75, 'e': 0.000625}",25,15,19.53258237521174,"{0: 10, 1: 0, 2: 0, 3: 0, 4: 0}",1
41,False,"{'a': 0.75, 'e': 0.000594883997620464}",35,27,17.267375717726107,"{0: 8, 1: 0, 2: 0, 3: 0, 4: 0}",1
42,False,"{'a': 0.75, 'e': 0.0005668934240362812}",25,0,35.994856539322356,"{0: 25, 1: 0, 2: 0, 3: 0, 4: 0}",1
43,False,"{'a': 0.75, 'e': 0.0005408328826392645}",20,12,14.313785323805732,"{0: 8, 1: 0, 2: 0, 3: 0, 4: 0}",1
44,False,"{'a': 0.75, 'e': 0.0005165289256198347}",30,6,23.313999476824275,"{0: 23, 1: 0, 2: 1, 3: 0, 4: 0}",1
45,False,"{'a': 0.75, 'e': 0.0004938271604938272}",30,0,39.85944287941881,"{0: 30, 1: 0, 2: 0, 3: 0, 4: 0}",0
46,False,"{'a': 0.75, 'e': 0.0004725897920604915}",25,0,11.321615355324203,"{0: 24, 1: 0, 2: 0, 3: 1, 4: 0}",0
47,False,"{'a': 0.75, 'e': 0.0004526935264825713}",20,0,6.797543432314995,"{0: 19, 1: 0, 2: 0, 3: 1, 4: 0}",0
48,False,"{'a': 0.75, 'e': 0.00043402777777777775}",35,8,45.96854107339387,"{0: 27, 1: 0, 2: 0, 3: 0, 4: 0}",1
49,False,"{'a': 0.75, 'e': 0.00041649312786339027}",20,0,29.80945237064788,"{0: 20, 1: 0, 2: 0, 3: 0, 4: 0}",0
50,False,"{'a': 0.75, 'e': 0.0004}",30,17,19.730399227703234,"{0: 13, 1: 0, 2: 0, 3: 0, 4: 0}",1
51,False,"{'a': 0.75, 'e': 0.00038446751249519417}",20,0,28.50610389104666,"{0: 20, 1: 0, 2: 0, 3: 0, 4: 0}",0
52,False,"{'a': 0.75, 'e': 0.0003698224852071006}",20,9,19.492832519801652,"{0: 11, 1: 0, 2: 0, 3: 0, 4: 0}",1
53,False,"{'a': 0.75, 'e': 0.000355998576005696}",20,4,24.76990681481956,"{0: 16, 1: 0, 2: 0, 3: 0, 4: 0}",1
54,False,"{'a': 0.75, 'e': 0.0003429355281207133}",30,11,24.772529179384165,"{0: 19, 1: 0, 2: 0, 3: 0, 4: 0}",1
55,False,"{'a': 0.75, 'e': 0.00033057851239669424}",25,6,30.36126958004119,"{0: 19, 1: 0, 2: 0, 3: 0, 4: 0}",1
56,False,"{'a': 0.75, 'e': 0.00031887755102040814}",25,20,7.651502341350547,"{0: 5, 1: 0, 2: 0, 3: 0, 4: 0}",1
57,False,"{'a': 0.75, 'e': 0.0003077870113881194}",30,6,36.23523256590504,"{0: 24, 1: 0, 2: 0, 3: 0, 4: 0}",1
58,False,"{'a': 0.75, 'e': 0.00029726516052318666}",20,0,21.704134051258457,"{0: 20, 1: 0, 2: 0, 3: 0, 4: 0}",0
59,False,"{'a': 0.75, 'e': 0.0002872737719046251}",20,12,15.08332337504878,"{0: 8, 1: 0, 2: 0, 3: 0, 4: 0}",1
60,False,"{'a': 0.75, 'e': 0.0002777777777777778}",30,12,31.164078639017678,"{0: 18, 1: 0, 2: 0, 3: 0, 4: 0}",1
61,False,"{'a': 0.75, 'e': 0.0002687449610319806}",20,5,18.56312841577948,"{0: 15, 1: 0, 2: 0, 3: 0, 4: 0}",1
62,False,"{'a': 0.75, 'e': 0.00026014568158168577}",25,0,36.39106726307273,"{0: 25, 1: 0, 2: 0, 3: 0, 4: 0}",0
63,False,"{'a': 0.75, 'e': 0.0002519526329050139}",20,0,23.832685609753167,"{0: 20, 1: 0, 2: 0, 3: 0, 4: 0}",0
64,False,"{'a': 0.75, 'e': 0.000244140625}",20,0,25.832564954467347,"{0: 20, 1: 0, 2: 0, 3: 0, 4: 0}",0
65,False,"{'a': 0.75, 'e': 0.00023668639053254438}",25,9,25.066374502499524,"{0: 16, 1: 0, 2: 0, 3: 0, 4: 0}",1
66,False,"{'a': 0.75, 'e': 0.0002295684113865932}",20,0,28.5171473277741,"{0: 20, 1: 0, 2: 0, 3: 0, 4: 0}",0
67,False,"{'a': 0.75, 'e': 0.00022276676319893073}",25,11,25.475036366914086,"{0: 14, 1: 0, 2: 0, 3: 0, 4: 0}",1
68,False,"{'a': 0.75, 'e': 0.00021626297577854672}",20,0,31.245847948835447,"{0: 20, 1: 0, 2: 0, 3: 0, 4: 0}",0
69,False,"{'a': 0.75, 'e': 0.00021003990758244065}",25,16,16.193261856837417,"{0: 9, 1: 0, 2: 0, 3: 0, 4: 0}",1
70,False,"{'a': 0.75, 'e': 0.00020408163265306123}",20,1,33.712155869335554,"{0: 19, 1: 0, 2: 0, 3: 0, 4: 0}",1
71,False,"{'a': 0.75, 'e': 0.00019837333862328903}",20,0,23.891820624254343,"{0: 20, 1: 0, 2: 0, 3: 0, 4: 0}",0
72,False,"{'a': 0.75, 'e': 0.00019290123456790122}",20,2,20.761199071851347,"{0: 17, 1: 0, 2: 1, 3: 0, 4: 0}",1
73,False,"{'a': 0.75, 'e': 0.00018765246762994934}",35,3,46.10023734169034,"{0: 32, 1: 0, 2: 0, 3: 0, 4: 0}",1
74,False,"{'a': 0.75, 'e': 0.00018261504747991235}",25,13,23.242592762101978,"{0: 12, 1: 0, 2: 0, 3: 0, 4: 0}",1
75,False,"{'a': 0.75, 'e': 0.00017777777777777779}",30,13,28.78967442913136,"{0: 17, 1: 0, 2: 0, 3: 0, 4: 0}",1
76,False,"{'a': 0.75, 'e': 0.00017313019390581717}",20,12,12.277210504446487,"{0: 8, 1: 0, 2: 0, 3: 0, 4: 0}",1
77,False,"{'a': 0.75, 'e': 0.00016866250632484398}",35,17,30.10076417481612,"{0: 18, 1: 0, 2: 0, 3: 0, 4: 0}",1
78,False,"{'a': 0.75, 'e': 0.0001643655489809336}",20,0,33.98820876146828,"{0: 20, 1: 0, 2: 0, 3: 0, 4: 0}",0
79,False,"{'a': 0.75, 'e': 0.0001602307322544464}",25,12,24.888987433596597,"{0: 13, 1: 0, 2: 0, 3: 0, 4: 0}",1
80,False,"{'a': 0.75, 'e': 0.00015625}",25,16,14.974265501485863,"{0: 9, 1: 0, 2: 0, 3: 0, 4: 0}",1
81,False,"{'a': 0.75, 'e': 0.00015241579027587258}",25,3,31.771456880420452,"{0: 22, 1: 0, 2: 0, 3: 0, 4: 0}",1
82,False,"{'a': 0.75, 'e': 0.000148720999405116}",20,13,12.545585645134588,"{0: 7, 1: 0, 2: 0, 3: 0, 4: 0}",1
83,False,"{'a': 0.75, 'e': 0.00014515894904920887}",20,0,28.295332374757677,"{0: 20, 1: 0, 2: 0, 3: 0, 4: 0}",0
84,False,"{'a': 0.75, 'e': 0.0001417233560090703}",30,16,20.459460454486234,"{0: 14, 1: 0, 2: 0, 3: 0, 4: 0}",1
85,False,"{'a': 0.75, 'e': 0.0001384083044982699}",30,0,40.06832659900328,"{0: 30, 1: 0, 2: 0, 3: 0, 4: 0}",0
86,False,"{'a': 0.75, 'e': 0.00013520822065981613}",25,14,23.233126905231032,"{0: 11, 1: 0, 2: 0, 3: 0, 4: 0}",1
87,False,"{'a': 0.75, 'e': 0.0001321178491214163}",25,0,37.92658589008657,"{0: 25, 1: 0, 2: 0, 3: 0, 4: 0}",0
88,False,"{'a': 0.75, 'e': 0.00012913223140495868}",25,8,31.576456700920147,"{0: 17, 1: 0, 2: 0, 3: 0, 4: 0}",1
89,False,"{'a': 0.75, 'e': 0.00012624668602449185}",25,4,35.831973918289265,"{0: 21, 1: 0, 2: 0, 3: 0, 4: 0}",1
90,False,"{'a': 0.75, 'e': 0.0001234567901234568}",20,0,30.429613740050534,"{0: 20, 1: 0, 2: 0, 3: 0, 4: 0}",0
91,False,"{'a': 0.75, 'e': 0.00012075836251660427}",20,0,14.976157073985,"{0: 19, 1: 0, 2: 1, 3: 0, 4: 0}",0
92,False,"{'a': 0.75, 'e': 0.00011814744801512288}",20,9,21.11164711456067,"{0: 11, 1: 0, 2: 0, 3: 0, 4: 0}",1
93,False,"{'a': 0.75, 'e': 0.00011562030292519366}",20,12,12.713847492388147,"{0: 8, 1: 0, 2: 0, 3: 0, 4: 0}",1
94,False,"{'a': 0.75, 'e': 0.00011317338162064282}",25,0,32.020291493301514,"{0: 25, 1: 0, 2: 0, 3: 0, 4: 0}",0
95,False,"{'a': 0.75, 'e': 0.00011080332409972299}",25,9,31.02848999609006,"{0: 16, 1: 0, 2: 0, 3: 0, 4: 0}",1
96,False,"{'a': 0.75, 'e': 0.00010850694444444444}",30,18,21.463260915598816,"{0: 12, 1: 0, 2: 0, 3: 0, 4: 0}",1
97,False,"{'a': 0.75, 'e': 0.00010628122010840685}",30,13,8.2143296818562,"{0: 16, 1: 0, 2: 0, 3: 1, 4: 0}",1
98,False,"{'a': 0.75, 'e': 0.00010412328196584757}",25,1,40.15509559218306,"{0: 24, 1: 0, 2: 0, 3: 0, 4: 0}",1
99,False,"{'a': 0.75, 'e': 0.00010203040506070809}",30,13,34.015456128215945,"{0: 17, 1: 0, 2: 0, 3: 0, 4: 0}",1
100,False,"{'a': 0.75, 'e': 0.0001}",25,11,-16.46845449558877,"{0: 13, 1: 0, 2: 0, 3: 0, 4: 1}",1
101,False,"{'a': 0.75, 'e': 9.802960494069208e-05}",25,9,30.33574880312709,"{0: 16, 1: 0, 2: 0, 3: 0, 4: 0}",1
102,False,"{'a': 0.75, 'e': 9.611687812379854e-05}",20,10,16.99107286869341,"{0: 10, 1: 0, 2: 0, 3: 0, 4: 0}",1
103,False,"{'a': 0.75, 'e': 9.425959091337543e-05}",30,3,46.39008932895439,"{0: 27, 1: 0, 2: 0, 3: 0, 4: 0}",1
104,False,"{'a': 0.75, 'e': 9.245562130177515e-05}",20,14,10.280894621142556,"{0: 6, 1: 0, 2: 0, 3: 0, 4: 0}",1
105,False,"{'a': 0.75, 'e': 9.070294784580499e-05}",20,13,15.12955819530131,"{0: 7, 1: 0, 2: 0, 3: 0, 4: 0}",1
106,False,"{'a': 0.75, 'e': 8.8999644001424e-05}",20,13,11.239748496385902,"{0: 7, 1: 0, 2: 0, 3: 0, 4: 0}",1
107,False,"{'a': 0.75, 'e': 8.734387282732117e-05}",25,3,36.224737794978644,"{0: 22, 1: 0, 2: 0, 3: 0, 4: 0}",1
108,False,"{'a': 0.75, 'e': 8.573388203017832e-05}",20,15,10.363887855587702,"{0: 5, 1: 0, 2: 0, 3: 0, 4: 0}",1
109,False,"{'a': 0.75, 'e': 8.416799932665601e-05}",20,3,27.52705909300941,"{0: 17, 1: 0, 2: 0, 3: 0, 4: 0}",1
110,False,"{'a': 0.75, 'e': 8.264462809917356e-05}",20,12,17.18392250455055,"{0: 8, 1: 0, 2: 0, 3: 0, 4: 0}",1
111,False,"{'a': 0.75, 'e': 8.116224332440549e-05}",30,15,25.747132785936216,"{0: 15, 1: 0, 2: 0, 3: 0, 4: 0}",1
112,False,"{'a': 0.75, 'e': 7.971938775510203e-05}",25,11,23.701235996220728,"{0: 14, 1: 0, 2: 0, 3: 0, 4: 0}",1
113,False,"{'a': 0.75, 'e': 7.831466833737959e-05}",20,16,8.287438787506003,"{0: 4, 1: 0, 2: 0, 3: 0, 4: 0}",1
114,False,"{'a': 0.75, 'e': 7.694675284702985e-05}",25,11,24.311508456684052,"{0: 14, 1: 0, 2: 0, 3: 0, 4: 0}",1
115,False,"{'a': 0.75, 'e': 7.561436672967863e-05}",30,3,43.29742971646026,"{0: 27, 1: 0, 2: 0, 3: 0, 4: 0}",1
116,False,"{'a': 0.75, 'e': 7.431629013079666e-05}",20,3,27.034180958885788,"{0: 17, 1: 0, 2: 0, 3: 0, 4: 0}",1
117,False,"{'a': 0.75, 'e': 7.305135510263716e-05}",20,6,24.295825665821,"{0: 14, 1: 0, 2: 0, 3: 0, 4: 0}",1
118,False,"{'a': 0.75, 'e': 7.181844297615628e-05}",30,19,17.74739990185922,"{0: 11, 1: 0, 2: 0, 3: 0, 4: 0}",1
119,False,"{'a': 0.75, 'e': 7.06164818868724e-05}",25,11,26.371064316597238,"{0: 14, 1: 0, 2: 0, 3: 0, 4: 0}",1
120,False,"{'a': 0.75, 'e': 6.944444444444444e-05}",30,15,27.257215241641255,"{0: 15, 1: 0, 2: 0, 3: 0, 4: 0}",1
121,False,"{'a': 0.75, 'e': 6.830134553650706e-05}",25,17,17.119339185356942,"{0: 8, 1: 0, 2: 0, 3: 0, 4: 0}",1
122,False,"{'a': 0.75, 'e': 6.718624025799516e-05}",20,12,15.375300658134615,"{0: 8, 1: 0, 2: 0, 3: 0, 4: 0}",1
123,False,"{'a': 0.75, 'e': 6.609822195782933e-05}",20,0,8.438812029144774,"{0: 19, 1: 0, 2: 0, 3: 1, 4: 0}",0
124,False,"{'a': 0.75, 'e': 6.503642039542144e-05}",20,6,27.075940058231797,"{0: 14, 1: 0, 2: 0, 3: 0, 4: 0}",1
125,False,"{'a': 0.75, 'e': 6.4e-05}",25,11,22.86728819732915,"{0: 14, 1: 0, 2: 0, 3: 0, 4: 0}",1
126,False,"{'a': 0.75, 'e': 6.298815822625347e-05}",30,20,21.697204057902955,"{0: 10, 1: 0, 2: 0, 3: 0, 4: 0}",1
127,False,"{'a': 0.75, 'e': 6.2000124000248e-05}",30,19,20.554599667091278,"{0: 11, 1: 0, 2: 0, 3: 0, 4: 0}",1
128,False,"{'a': 0.75, 'e': 6.103515625e-05}",25,11,25.158482256728835,"{0: 14, 1: 0, 2: 0, 3: 0, 4: 0}",1
129,False,"{'a': 0.75, 'e': 6.009254251547383e-05}",30,12,41.055623703791554,"{0: 18, 1: 0, 2: 0, 3: 0, 4: 0}",1
130,False,"{'a': 0.75, 'e': 5.9171597633136094e-05}",20,12,17.84383870008415,"{0: 8, 1: 0, 2: 0, 3: 0, 4: 0}",1
131,False,"{'a': 0.75, 'e': 5.8271662490530857e-05}",20,8,20.839180709570115,"{0: 12, 1: 0, 2: 0, 3: 0, 4: 0}",1
132,False,"{'a': 0.75, 'e': 5.73921028466483e-05}",20,16,5.0024437275782345,"{0: 4, 1: 0, 2: 0, 3: 0, 4: 0}",1
133,False,"{'a': 0.75, 'e': 5.6532308214144386e-05}",25,11,27.479484194731512,"{0: 14, 1: 0, 2: 0, 3: 0, 4: 0}",1
134,False,"{'a': 0.75, 'e': 5.569169079973268e-05}",35,9,40.353101425866235,"{0: 26, 1: 0, 2: 0, 3: 0, 4: 0}",1
135,False,"{'a': 0.75, 'e': 5.486968449931413e-05}",20,12,15.514719520807187,"{0: 8, 1: 0, 2: 0, 3: 0, 4: 0}",1
136,False,"{'a': 0.75, 'e': 5.406574394463668e-05}",20,8,6.412608299352201,"{0: 11, 1: 0, 2: 1, 3: 0, 4: 0}",1
137,False,"{'a': 0.75, 'e': 5.3279343598486864e-05}",30,12,26.741931180991266,"{0: 18, 1: 0, 2: 0, 3: 0, 4: 0}",1
138,False,"{'a': 0.75, 'e': 5.250997689561016e-05}",25,0,35.71214832631171,"{0: 25, 1: 0, 2: 0, 3: 0, 4: 0}",0
139,False,"{'a': 0.75, 'e': 5.175715542673774e-05}",35,11,35.65653205373442,"{0: 24, 1: 0, 2: 0, 3: 0, 4: 0}",1
140,False,"{'a': 0.75, 'e': 5.102040816326531e-05}",25,15,19.99198129709466,"{0: 10, 1: 0, 2: 0, 3: 0, 4: 0}",1
141,False,"{'a': 0.75, 'e': 5.02992807202857e-05}",20,3,28.261796060671948,"{0: 17, 1: 0, 2: 0, 3: 0, 4: 0}",1
142,False,"{'a': 0.75, 'e': 4.959333465582226e-05}",20,5,30.368167997019157,"{0: 15, 1: 0, 2: 0, 3: 0, 4: 0}",1
143,False,"{'a': 0.75, 'e': 4.8902146804244705e-05}",20,9,18.66230600810153,"{0: 11, 1: 0, 2: 0, 3: 0, 4: 0}",1
144,False,"{'a': 0.75, 'e': 4.8225308641975306e-05}",25,18,10.965410422958696,"{0: 7, 1: 0, 2: 0, 3: 0, 4: 0}",1
145,False,"{'a': 0.75, 'e': 4.756242568370987e-05}",30,21,13.815275713747535,"{0: 9, 1: 0, 2: 0, 3: 0, 4: 0}",1
146,False,"{'a': 0.75, 'e': 4.6913116907487336e-05}",25,3,36.6173856225431,"{0: 22, 1: 0, 2: 0, 3: 0, 4: 0}",1
147,False,"{'a': 0.75, 'e': 4.627701420704336e-05}",30,13,25.824613284253843,"{0: 17, 1: 0, 2: 0, 3: 0, 4: 0}",1
148,False,"{'a': 0.75, 'e': 4.565376186997809e-05}",20,8,24.21387503688617,"{0: 12, 1: 0, 2: 0, 3: 0, 4: 0}",1
149,False,"{'a': 0.75, 'e': 4.504301608035674e-05}",25,8,29.199025837464827,"{0: 17, 1: 0, 2: 0, 3: 0, 4: 0}",1
150,False,"{'a': 0.75, 'e': 4.4444444444444447e-05}",20,13,14.427510061893535,"{0: 7, 1: 0, 2: 0, 3: 0, 4: 0}",1
151,False,"{'a': 0.75, 'e': 4.385772553835358e-05}",30,12,29.855440953158322,"{0: 18, 1: 0, 2: 0, 3: 0, 4: 0}",1
152,False,"{'a': 0.75, 'e': 4.3282548476454294e-05}",20,0,29.238168097976786,"{0: 20, 1: 0, 2: 0, 3: 0, 4: 0}",1
153,False,"{'a': 0.75, 'e': 4.2718612499466016e-05}",20,12,14.782423714811314,"{0: 8, 1: 0, 2: 0, 3: 0, 4: 0}",1
154,False,"{'a': 0.75, 'e': 4.2165626581210996e-05}",25,3,-3.7544804504700853,"{0: 21, 1: 0, 2: 0, 3: 0, 4: 1}",1
155,False,"{'a': 0.75, 'e': 4.162330905306972e-05}",20,13,15.594500250555887,"{0: 7, 1: 0, 2: 0, 3: 0, 4: 0}",1
156,False,"{'a': 0.75, 'e': 4.10913872452334e-05}",20,14,11.639429223183612,"{0: 6, 1: 0, 2: 0, 3: 0, 4: 0}",1
157,False,"{'a': 0.75, 'e': 4.056959714390036e-05}",20,15,9.229060181189034,"{0: 5, 1: 0, 2: 0, 3: 0, 4: 0}",1
158,False,"{'a': 0.75, 'e': 4.00576830636116e-05}",20,11,19.86212749011667,"{0: 9, 1: 0, 2: 0, 3: 0, 4: 0}",1
159,False,"{'a': 0.75, 'e': 3.955539733396622e-05}",20,3,26.387320449634473,"{0: 17, 1: 0, 2: 0, 3: 0, 4: 0}",1
160,False,"{'a': 0.75, 'e': 3.90625e-05}",30,7,37.689958886000596,"{0: 23, 1: 0, 2: 0, 3: 0, 4: 0}",1
161,False,"{'a': 0.75, 'e': 3.8578758535550326e-05}",25,6,34.74686832406473,"{0: 19, 1: 0, 2: 0, 3: 0, 4: 0}",1
162,False,"{'a': 0.75, 'e': 3.8103947568968146e-05}",20,16,8.211130069589597,"{0: 4, 1: 0, 2: 0, 3: 0, 4: 0}",1
163,False,"{'a': 0.75, 'e': 3.7637848620572846e-05}",30,7,37.806773200847715,"{0: 23, 1: 0, 2: 0, 3: 0, 4: 0}",1
164,False,"{'a': 0.75, 'e': 3.7180249851279e-05}",20,4,24.500824365970278,"{0: 16, 1: 0, 2: 0, 3: 0, 4: 0}",1
165,False,"{'a': 0.75, 'e': 3.6730945821854914e-05}",30,16,27.022280200486147,"{0: 14, 1: 0, 2: 0, 3: 0, 4: 0}",1
166,False,"{'a': 0.75, 'e': 3.628973726230222e-05}",25,12,23.163508854799773,"{0: 13, 1: 0, 2: 0, 3: 0, 4: 0}",1
167,False,"{'a': 0.75, 'e': 3.58564308508731e-05}",20,8,21.18286706620522,"{0: 12, 1: 0, 2: 0, 3: 0, 4: 0}",1
168,False,"{'a': 0.75, 'e': 3.5430839002267575e-05}",20,8,21.20341514087873,"{0: 12, 1: 0, 2: 0, 3: 0, 4: 0}",1
169,False,"{'a': 0.75, 'e': 3.501277966457757e-05}",25,16,17.795292802057443,"{0: 9, 1: 0, 2: 0, 3: 0, 4: 0}",1
170,False,"{'a': 0.75, 'e': 3.460207612456748e-05}",20,8,28.093621335026885,"{0: 12, 1: 0, 2: 0, 3: 0, 4: 0}",1
171,False,"{'a': 0.75, 'e': 3.419855682090216e-05}",20,7,24.85580979975967,"{0: 13, 1: 0, 2: 0, 3: 0, 4: 0}",1
172,False,"{'a': 0.75, 'e': 3.380205516495403e-05}",30,20,17.402334457194215,"{0: 10, 1: 0, 2: 0, 3: 0, 4: 0}",1
173,False,"{'a': 0.75, 'e': 3.3412409368839586e-05}",20,12,15.438221351970657,"{0: 8, 1: 0, 2: 0, 3: 0, 4: 0}",1
174,False,"{'a': 0.75, 'e': 3.302946228035408e-05}",20,12,12.535319640557864,"{0: 8, 1: 0, 2: 0, 3: 0, 4: 0}",1
175,False,"{'a': 0.75, 'e': 3.265306122448979e-05}",20,5,29.00138641911827,"{0: 15, 1: 0, 2: 0, 3: 0, 4: 0}",1
176,False,"{'a': 0.75, 'e': 3.228305785123967e-05}",20,15,10.15196723290098,"{0: 5, 1: 0, 2: 0, 3: 0, 4: 0}",1
177,False,"{'a': 0.75, 'e': 3.191930798940279e-05}",20,3,25.327533825928178,"{0: 17, 1: 0, 2: 0, 3: 0, 4: 0}",1
178,False,"{'a': 0.75, 'e': 3.156167150612296e-05}",20,1,26.702498322191953,"{0: 19, 1: 0, 2: 0, 3: 0, 4: 0}",1
179,False,"{'a': 0.75, 'e': 3.121001217190475e-05}",25,11,24.55275090407318,"{0: 14, 1: 0, 2: 0, 3: 0, 4: 0}",1
180,False,"{'a': 0.75, 'e': 3.08641975308642e-05}",30,17,23.696856813509473,"{0: 13, 1: 0, 2: 0, 3: 0, 4: 0}",1
181,False,"{'a': 0.75, 'e': 3.0524098775983637e-05}",30,16,21.634537779084326,"{0: 14, 1: 0, 2: 0, 3: 0, 4: 0}",1
182,False,"{'a': 0.75, 'e': 3.0189590629151068e-05}",25,1,33.99594007161562,"{0: 24, 1: 0, 2: 0, 3: 0, 4: 0}",1
183,False,"{'a': 0.75, 'e': 2.986055122577563e-05}",25,8,37.34315331749746,"{0: 17, 1: 0, 2: 0, 3: 0, 4: 0}",1
184,False,"{'a': 0.75, 'e': 2.953686200378072e-05}",25,15,22.858516162277052,"{0: 10, 1: 0, 2: 0, 3: 0, 4: 0}",1
185,False,"{'a': 0.75, 'e': 2.9218407596785974e-05}",20,11,15.85065967867336,"{0: 9, 1: 0, 2: 0, 3: 0, 4: 0}",1
186,False,"{'a': 0.75, 'e': 2.8905075731298415e-05}",30,19,14.937058263396402,"{0: 11, 1: 0, 2: 0, 3: 0, 4: 0}",1
187,False,"{'a': 0.75, 'e': 2.8596757127741712e-05}",20,13,12.60508687852034,"{0: 7, 1: 0, 2: 0, 3: 0, 4: 0}",1
188,False,"{'a': 0.75, 'e': 2.8293345405160706e-05}",30,8,41.27338096425548,"{0: 22, 1: 0, 2: 0, 3: 0, 4: 0}",1
189,False,"{'a': 0.75, 'e': 2.7994736989445986e-05}",25,1,36.61327254236748,"{0: 24, 1: 0, 2: 0, 3: 0, 4: 0}",1
190,False,"{'a': 0.75, 'e': 2.7700831024930747e-05}",20,14,10.753295299109524,"{0: 6, 1: 0, 2: 0, 3: 0, 4: 0}",1
191,False,"{'a': 0.75, 'e': 2.7411529289219047e-05}",30,16,26.655235710355498,"{0: 14, 1: 0, 2: 0, 3: 0, 4: 0}",1
192,False,"{'a': 0.75, 'e': 2.712673611111111e-05}",25,15,19.53770067480132,"{0: 10, 1: 0, 2: 0, 3: 0, 4: 0}",1
193,False,"{'a': 0.75, 'e': 2.684635829149776e-05}",30,13,34.17551914142578,"{0: 17, 1: 0, 2: 0, 3: 0, 4: 0}",1
194,False,"{'a': 0.75, 'e': 2.6570305027101713e-05}",25,3,33.26234116031172,"{0: 22, 1: 0, 2: 0, 3: 0, 4: 0}",1
195,False,"{'a': 0.75, 'e': 2.6298487836949376e-05}",20,7,22.969744986138803,"{0: 13, 1: 0, 2: 0, 3: 0, 4: 0}",1
196,False,"{'a': 0.75, 'e': 2.6030820491461892e-05}",20,10,16.278515632880573,"{0: 10, 1: 0, 2: 0, 3: 0, 4: 0}",1
197,False,"{'a': 0.75, 'e': 2.5767218944059367e-05}",30,18,23.465359678063937,"{0: 12, 1: 0, 2: 0, 3: 0, 4: 0}",1
198,False,"{'a': 0.75, 'e': 2.5507601265177022e-05}",25,17,18.04530471524692,"{0: 8, 1: 0, 2: 0, 3: 0, 4: 0}",1
199,False,"{'a': 0.75, 'e': 2.52518875785965e-05}",20,10,18.7059134355938,"{0: 10, 1: 0, 2: 0, 3: 0, 4: 0}",1
200,False,"{'a': 0.75, 'e': 2.5e-05}",25,10,27.26136469327685,"{0: 15, 1: 0, 2: 0, 3: 0, 4: 0}",1
201,False,"{'a': 0.75, 'e': 2.475186257765897e-05}",25,12,27.03580822998813,"{0: 13, 1: 0, 2: 0, 3: 0, 4: 0}",1
202,False,"{'a': 0.75, 'e': 2.450740123517302e-05}",25,14,21.10472661015192,"{0: 11, 1: 0, 2: 0, 3: 0, 4: 0}",1
203,False,"{'a': 0.75, 'e': 2.4266543716178503e-05}",35,21,30.552083748368535,"{0: 14, 1: 0, 2: 0, 3: 0, 4: 0}",1
204,False,"{'a': 0.75, 'e': 2.4029219530949635e-05}",25,12,20.936634017059486,"{0: 13, 1: 0, 2: 0, 3: 0, 4: 0}",1
205,False,"{'a': 0.75, 'e': 2.3795359904818562e-05}",25,11,31.095646753550472,"{0: 14, 1: 0, 2: 0, 3: 0, 4: 0}",1
206,False,"{'a': 0.75, 'e': 2.356489772834386e-05}",25,18,13.716172221329817,"{0: 7, 1: 0, 2: 0, 3: 0, 4: 0}",1
207,False,"{'a': 0.75, 'e': 2.3337767509160075e-05}",20,14,9.399542137115699,"{0: 6, 1: 0, 2: 0, 3: 0, 4: 0}",1
208,False,"{'a': 0.75, 'e': 2.3113905325443786e-05}",20,0,29.073511033182744,"{0: 20, 1: 0, 2: 0, 3: 0, 4: 0}",0
209,False,"{'a': 0.75, 'e': 2.2893248780934502e-05}",25,12,22.442577879381,"{0: 13, 1: 0, 2: 0, 3: 0, 4: 0}",1
210,False,"{'a': 0.75, 'e': 2.2675736961451248e-05}",25,11,22.80770212449203,"{0: 14, 1: 0, 2: 0, 3: 0, 4: 0}",1
211,False,"{'a': 0.75, 'e': 2.246131039284832e-05}",20,9,15.90264514753911,"{0: 11, 1: 0, 2: 0, 3: 0, 4: 0}",1
212,False,"{'a': 0.75, 'e': 2.2249911000356e-05}",30,11,31.41406742889788,"{0: 19, 1: 0, 2: 0, 3: 0, 4: 0}",1
213,False,"{'a': 0.75, 'e': 2.2041482069254335e-05}",25,7,29.5045571812123,"{0: 18, 1: 0, 2: 0, 3: 0, 4: 0}",1
214,False,"{'a': 0.75, 'e': 2.1835968206830292e-05}",30,20,18.98397711532135,"{0: 10, 1: 0, 2: 0, 3: 0, 4: 0}",1
215,False,"{'a': 0.75, 'e': 2.1633315305570577e-05}",20,3,24.558601198033994,"{0: 17, 1: 0, 2: 0, 3: 0, 4: 0}",1
216,False,"{'a': 0.75, 'e': 2.143347050754458e-05}",20,10,21.311368606082112,"{0: 10, 1: 0, 2: 0, 3: 0, 4: 0}",1
217,False,"{'a': 0.75, 'e': 2.123638216993353e-05}",20,14,11.124453524324794,"{0: 6, 1: 0, 2: 0, 3: 0, 4: 0}",1
218,False,"{'a': 0.75, 'e': 2.1041999831664002e-05}",20,14,11.295305459759184,"{0: 6, 1: 0, 2: 0, 3: 0, 4: 0}",1
219,False,"{'a': 0.75, 'e': 2.085027418110548e-05}",20,5,22.16102218908735,"{0: 15, 1: 0, 2: 0, 3: 0, 4: 0}",1
220,False,"{'a': 0.75, 'e': 2.066115702479339e-05}",30,18,22.214943605416156,"{0: 12, 1: 0, 2: 0, 3: 0, 4: 0}",1
221,False,"{'a': 0.75, 'e': 2.047460125714052e-05}",30,16,25.68706265917036,"{0: 14, 1: 0, 2: 0, 3: 0, 4: 0}",1
222,False,"{'a': 0.75, 'e': 2.029056083110137e-05}",20,15,9.019144229126939,"{0: 5, 1: 0, 2: 0, 3: 0, 4: 0}",1
223,False,"{'a': 0.75, 'e': 2.0108990729755272e-05}",35,20,23.55397166531881,"{0: 15, 1: 0, 2: 0, 3: 0, 4: 0}",1
224,False,"{'a': 0.75, 'e': 1.992984693877551e-05}",35,18,35.063411022781374,"{0: 17, 1: 0, 2: 0, 3: 0, 4: 0}",1
225,False,"{'a': 0.75, 'e': 1.9753086419753087e-05}",30,22,17.48393142720505,"{0: 8, 1: 0, 2: 0, 3: 0, 4: 0}",1
226,False,"{'a': 0.75, 'e': 1.9578667084344897e-05}",20,2,25.668748165160437,"{0: 18, 1: 0, 2: 0, 3: 0, 4: 0}",1
227,False,"{'a': 0.75, 'e': 1.9406547769217335e-05}",30,22,12.746157608911798,"{0: 8, 1: 0, 2: 0, 3: 0, 4: 0}",1
228,False,"{'a': 0.75, 'e': 1.9236688211757463e-05}",35,21,30.983003498987763,"{0: 14, 1: 0, 2: 0, 3: 0, 4: 0}",1
229,False,"{'a': 0.75, 'e': 1.9069049026525047e-05}",25,17,15.723212683685748,"{0: 8, 1: 0, 2: 0, 3: 0, 4: 0}",1
230,False,"{'a': 0.75, 'e': 1.8903591682419658e-05}",30,20,20.509530356230904,"{0: 10, 1: 0, 2: 0, 3: 0, 4: 0}",1
231,False,"{'a': 0.75, 'e': 1.874027848053822e-05}",30,10,32.659007605525154,"{0: 20, 1: 0, 2: 0, 3: 0, 4: 0}",1
232,False,"{'a': 0.75, 'e': 1.8579072532699166e-05}",30,22,13.552573843244996,"{0: 8, 1: 0, 2: 0, 3: 0, 4: 0}",1
233,False,"{'a': 0.75, 'e': 1.8419937740610438e-05}",20,12,17.002068306416337,"{0: 8, 1: 0, 2: 0, 3: 0, 4: 0}",1
234,False,"{'a': 0.75, 'e': 1.826283877565929e-05}",25,12,25.365858037830982,"{0: 13, 1: 0, 2: 0, 3: 0, 4: 0}",1
235,False,"{'a': 0.75, 'e': 1.8107741059302852e-05}",25,0,38.43351536161478,"{0: 25, 1: 0, 2: 0, 3: 0, 4: 0}",0
236,False,"{'a': 0.75, 'e': 1.795461074403907e-05}",25,15,19.67302662031814,"{0: 10, 1: 0, 2: 0, 3: 0, 4: 0}",1
237,False,"{'a': 0.75, 'e': 1.780341469493849e-05}",25,7,28.835264477385433,"{0: 18, 1: 0, 2: 0, 3: 0, 4: 0}",1
238,False,"{'a': 0.75, 'e': 1.76541204717181e-05}",20,12,14.872206608167348,"{0: 8, 1: 0, 2: 0, 3: 0, 4: 0}",1
239,False,"{'a': 0.75, 'e': 1.7506696311339088e-05}",35,17,28.844797851586527,"{0: 18, 1: 0, 2: 0, 3: 0, 4: 0}",1
240,False,"{'a': 0.75, 'e': 1.736111111111111e-05}",20,14,11.56239734604212,"{0: 6, 1: 0, 2: 0, 3: 0, 4: 0}",1
241,False,"{'a': 0.75, 'e': 1.721733441228629e-05}",20,6,22.210084395853396,"{0: 14, 1: 0, 2: 0, 3: 0, 4: 0}",1
242,False,"{'a': 0.75, 'e': 1.7075336384126766e-05}",20,13,11.872280805062237,"{0: 7, 1: 0, 2: 0, 3: 0, 4: 0}",1
243,False,"{'a': 0.75, 'e': 1.6935087808430286e-05}",35,13,38.16835958710037,"{0: 22, 1: 0, 2: 0, 3: 0, 4: 0}",1
244,False,"{'a': 0.75, 'e': 1.679656006449879e-05}",20,12,16.361708066494398,"{0: 8, 1: 0, 2: 0, 3: 0, 4: 0}",1
245,False,"{'a': 0.75, 'e': 1.665972511453561e-05}",30,15,25.587859284632163,"{0: 15, 1: 0, 2: 0, 3: 0, 4: 0}",1
246,False,"{'a': 0.75, 'e': 1.6524555489457333e-05}",30,14,27.630087590510026,"{0: 16, 1: 0, 2: 0, 3: 0, 4: 0}",1
247,False,"{'a': 0.75, 'e': 1.6391024275106952e-05}",20,5,24.516808910558943,"{0: 15, 1: 0, 2: 0, 3: 0, 4: 0}",1
248,False,"{'a': 0.75, 'e': 1.625910509885536e-05}",30,23,11.63174282472613,"{0: 7, 1: 0, 2: 0, 3: 0, 4: 0}",1
249,False,"{'a': 0.75, 'e': 1.6128772116578765e-05}",20,14,12.73911576274729,"{0: 6, 1: 0, 2: 0, 3: 0, 4: 0}",1
250,False,"{'a': 0.75, 'e': 1.6e-05}",25,11,25.165903379970896,"{0: 14, 1: 0, 2: 0, 3: 0, 4: 0}",1
251,False,"{'a': 0.75, 'e': 1.5872763924382153e-05}",25,14,21.77153697464006,"{0: 11, 1: 0, 2: 0, 3: 0, 4: 0}",1
252,False,"{'a': 0.75, 'e': 1.5747039556563368e-05}",35,18,28.611801772800064,"{0: 17, 1: 0, 2: 0, 3: 0, 4: 0}",1
253,False,"{'a': 0.75, 'e': 1.5622803043322032e-05}",20,8,20.23217209035893,"{0: 12, 1: 0, 2: 0, 3: 0, 4: 0}",1
254,False,"{'a': 0.75, 'e': 1.5500031000062e-05}",20,11,16.64111254766206,"{0: 9, 1: 0, 2: 0, 3: 0, 4: 0}",1
255,False,"{'a': 0.75, 'e': 1.5378700499807768e-05}",25,6,24.58884563295753,"{0: 19, 1: 0, 2: 0, 3: 0, 4: 0}",1
256,False,"{'a': 0.75, 'e': 1.52587890625e-05}",20,8,21.206735115030643,"{0: 12, 1: 0, 2: 0, 3: 0, 4: 0}",1
257,False,"{'a': 0.75, 'e': 1.5140274644582053e-05}",30,15,23.31696073065952,"{0: 15, 1: 0, 2: 0, 3: 0, 4: 0}",1
258,False,"{'a': 0.75, 'e': 1.5023135628868457e-05}",35,23,22.28743580557929,"{0: 12, 1: 0, 2: 0, 3: 0, 4: 0}",1
259,False,"{'a': 0.75, 'e': 1.4907350814686721e-05}",20,12,15.22238507534194,"{0: 8, 1: 0, 2: 0, 3: 0, 4: 0}",1
260,False,"{'a': 0.75, 'e': 1.4792899408284024e-05}",30,17,21.799412164176143,"{0: 13, 1: 0, 2: 0, 3: 0, 4: 0}",1
261,False,"{'a': 0.75, 'e': 1.46797610134907e-05}",25,7,29.043641808593485,"{0: 18, 1: 0, 2: 0, 3: 0, 4: 0}",1
262,False,"{'a': 0.75, 'e': 1.4567915622632714e-05}",25,13,24.121972581063545,"{0: 12, 1: 0, 2: 0, 3: 0, 4: 0}",1
263,False,"{'a': 0.75, 'e': 1.4457343607685523e-05}",25,8,33.708957041817186,"{0: 17, 1: 0, 2: 0, 3: 0, 4: 0}",1
264,False,"{'a': 0.75, 'e': 1.4348025711662075e-05}",20,8,19.983042254869677,"{0: 12, 1: 0, 2: 0, 3: 0, 4: 0}",1
265,False,"{'a': 0.75, 'e': 1.423994304022784e-05}",25,14,19.96118040835714,"{0: 11, 1: 0, 2: 0, 3: 0, 4: 0}",1
266,False,"{'a': 0.75, 'e': 1.4133077053536096e-05}",20,6,25.94669171667931,"{0: 14, 1: 0, 2: 0, 3: 0, 4: 0}",1
267,False,"{'a': 0.75, 'e': 1.4027409558276873e-05}",20,10,18.414886333365764,"{0: 10, 1: 0, 2: 0, 3: 0, 4: 0}",1
268,False,"{'a': 0.75, 'e': 1.392292269993317e-05}",30,20,21.792497122195577,"{0: 10, 1: 0, 2: 0, 3: 0, 4: 0}",1
269,False,"{'a': 0.75, 'e': 1.3819598955238318e-05}",25,19,9.771786057446747,"{0: 6, 1: 0, 2: 0, 3: 0, 4: 0}",1
270,False,"{'a': 0.75, 'e': 1.3717421124828532e-05}",30,10,34.602914309432116,"{0: 20, 1: 0, 2: 0, 3: 0, 4: 0}",1
271,False,"{'a': 0.75, 'e': 1.3616372326084885e-05}",20,0,31.992208413027655,"{0: 20, 1: 0, 2: 0, 3: 0, 4: 0}",1
272,False,"{'a': 0.75, 'e': 1.351643598615917e-05}",30,24,9.30382362884671,"{0: 6, 1: 0, 2: 0, 3: 0, 4: 0}",1
273,False,"{'a': 0.75, 'e': 1.3417595835178253e-05}",30,18,23.240838931029803,"{0: 12, 1: 0, 2: 0, 3: 0, 4: 0}",1
274,False,"{'a': 0.75, 'e': 1.3319835899621716e-05}",20,1,31.7699769030371,"{0: 19, 1: 0, 2: 0, 3: 0, 4: 0}",1
275,False,"{'a': 0.75, 'e': 1.3223140495867768e-05}",20,6,28.73895018002952,"{0: 14, 1: 0, 2: 0, 3: 0, 4: 0}",1
276,False,"{'a': 0.75, 'e': 1.312749422390254e-05}",25,16,21.492550133133232,"{0: 9, 1: 0, 2: 0, 3: 0, 4: 0}",1
277,False,"{'a': 0.75, 'e': 1.3032881961188077e-05}",25,13,21.760045586034792,"{0: 12, 1: 0, 2: 0, 3: 0, 4: 0}",1
278,False,"{'a': 0.75, 'e': 1.2939288856684436e-05}",20,12,15.262608621724791,"{0: 8, 1: 0, 2: 0, 3: 0, 4: 0}",1
279,False,"{'a': 0.75, 'e': 1.2846700325021518e-05}",35,10,37.86069401219789,"{0: 25, 1: 0, 2: 0, 3: 0, 4: 0}",1
280,False,"{'a': 0.75, 'e': 1.2755102040816327e-05}",25,18,12.667313854400406,"{0: 7, 1: 0, 2: 0, 3: 0, 4: 0}",1
281,False,"{'a': 0.75, 'e': 1.2664479933131545e-05}",20,2,30.459787986371865,"{0: 18, 1: 0, 2: 0, 3: 0, 4: 0}",1
282,False,"{'a': 0.75, 'e': 1.2574820180071425e-05}",25,11,21.91231869498036,"{0: 14, 1: 0, 2: 0, 3: 0, 4: 0}",1
283,False,"{'a': 0.75, 'e': 1.2486109203511094e-05}",20,8,22.283378831843002,"{0: 12, 1: 0, 2: 0, 3: 0, 4: 0}",1
284,False,"{'a': 0.75, 'e': 1.2398333663955564e-05}",30,16,24.850293614200588,"{0: 14, 1: 0, 2: 0, 3: 0, 4: 0}",1
285,False,"{'a': 0.75, 'e': 1.2311480455524777e-05}",20,8,22.141415713268174,"{0: 12, 1: 0, 2: 0, 3: 0, 4: 0}",1
286,False,"{'a': 0.75, 'e': 1.2225536701061176e-05}",25,8,36.26228527410074,"{0: 17, 1: 0, 2: 0, 3: 0, 4: 0}",1
287,False,"{'a': 0.75, 'e': 1.2140489747356409e-05}",25,14,20.084368413786223,"{0: 11, 1: 0, 2: 0, 3: 0, 4: 0}",1
288,False,"{'a': 0.75, 'e': 1.2056327160493826e-05}",30,18,23.410058033404177,"{0: 12, 1: 0, 2: 0, 3: 0, 4: 0}",1
289,False,"{'a': 0.75, 'e': 1.1973036721303624e-05}",20,6,21.68762471515686,"{0: 14, 1: 0, 2: 0, 3: 0, 4: 0}",1
290,False,"{'a': 0.75, 'e': 1.1890606420927467e-05}",25,6,31.142481587549568,"{0: 19, 1: 0, 2: 0, 3: 0, 4: 0}",1
291,False,"{'a': 0.75, 'e': 1.1809024456489649e-05}",20,5,25.750062817584748,"{0: 15, 1: 0, 2: 0, 3: 0, 4: 0}",1
292,False,"{'a': 0.75, 'e': 1.1728279226871834e-05}",20,9,23.304381534674175,"{0: 11, 1: 0, 2: 0, 3: 0, 4: 0}",1
293,False,"{'a': 0.75, 'e': 1.1648359328588568e-05}",35,9,43.77199844726057,"{0: 26, 1: 0, 2: 0, 3: 0, 4: 0}",1
294,False,"{'a': 0.75, 'e': 1.156925355176084e-05}",35,25,20.055014095532552,"{0: 10, 1: 0, 2: 0, 3: 0, 4: 0}",1
295,False,"{'a': 0.75, 'e': 1.1490950876185005e-05}",20,10,18.029365039089097,"{0: 10, 1: 0, 2: 0, 3: 0, 4: 0}",1
296,False,"{'a': 0.75, 'e': 1.1413440467494522e-05}",25,5,34.79006942587736,"{0: 20, 1: 0, 2: 0, 3: 0, 4: 0}",1
297,False,"{'a': 0.75, 'e': 1.1336711673412011e-05}",20,9,18.88282853137212,"{0: 11, 1: 0, 2: 0, 3: 0, 4: 0}",1
298,False,"{'a': 0.75, 'e': 1.1260754020089185e-05}",20,9,19.310801556543282,"{0: 11, 1: 0, 2: 0, 3: 0, 4: 0}",1
299,False,"{'a': 0.75, 'e': 1.1185557208532343e-05}",20,6,24.871000432093833,"{0: 14, 1: 0, 2: 0, 3: 0, 4: 0}",1
300,False,"{'a': 0.75, 'e': 1.1111111111111112e-05}",30,12,38.22327478424796,"{0: 18, 1: 0, 2: 0, 3: 0, 4: 0}",1
301,False,"{'a': 0.75, 'e': 1.1037405768148255e-05}",20,12,16.525038518877956,"{0: 8, 1: 0, 2: 0, 3: 0, 4: 0}",1
302,False,"{'a': 0.75, 'e': 1.0964431384588396e-05}",20,7,21.228997560337675,"{0: 13, 1: 0, 2: 0, 3: 0, 4: 0}",1
303,False,"{'a': 0.75, 'e': 1.0892178326743566e-05}",20,14,9.446925873368123,"{0: 6, 1: 0, 2: 0, 3: 0, 4: 0}",1
304,False,"{'a': 0.75, 'e': 1.0820637119113573e-05}",20,14,9.688117164468654,"{0: 6, 1: 0, 2: 0, 3: 0, 4: 0}",1
305,False,"{'a': 0.75, 'e': 1.0749798441279227e-05}",30,15,23.161986460726798,"{0: 15, 1: 0, 2: 0, 3: 0, 4: 0}",1
306,False,"{'a': 0.75, 'e': 1.0679653124866504e-05}",35,17,32.9755951882956,"{0: 18, 1: 0, 2: 0, 3: 0, 4: 0}",1
307,False,"{'a': 0.75, 'e': 1.0610192150579848e-05}",25,13,24.055305300816563,"{0: 12, 1: 0, 2: 0, 3: 0, 4: 0}",1
308,False,"{'a': 0.75, 'e': 1.0541406645302749e-05}",25,6,34.09170614270596,"{0: 19, 1: 0, 2: 0, 3: 0, 4: 0}",1
309,False,"{'a': 0.75, 'e': 1.0473287879263938e-05}",25,13,20.858382907137788,"{0: 12, 1: 0, 2: 0, 3: 0, 4: 0}",1
310,False,"{'a': 0.75, 'e': 1.040582726326743e-05}",25,7,32.99284927399952,"{0: 18, 1: 0, 2: 0, 3: 0, 4: 0}",1
311,False,"{'a': 0.75, 'e': 1.0339016345984843e-05}",20,14,12.458004872466308,"{0: 6, 1: 0, 2: 0, 3: 0, 4: 0}",1
312,False,"{'a': 0.75, 'e': 1.027284681130835e-05}",20,13,12.89845491476345,"{0: 7, 1: 0, 2: 0, 3: 0, 4: 0}",1
313,False,"{'a': 0.75, 'e': 1.0207310475762742e-05}",25,15,19.521950138112654,"{0: 10, 1: 0, 2: 0, 3: 0, 4: 0}",1
314,False,"{'a': 0.75, 'e': 1.014239928597509e-05}",30,21,18.190731952658094,"{0: 9, 1: 0, 2: 0, 3: 0, 4: 0}",1
315,False,"{'a': 0.75, 'e': 1.0078105316200555e-05}",25,13,24.716658032558627,"{0: 12, 1: 0, 2: 0, 3: 0, 4: 0}",1
316,False,"{'a': 0.75, 'e': 1.00144207659029e-05}",25,14,23.906682436369636,"{0: 11, 1: 0, 2: 0, 3: 0, 4: 0}",1
317,False,"{'a': 0.75, 'e': 9.95133795738837e-06}",20,12,13.849390977887616,"{0: 8, 1: 0, 2: 0, 3: 0, 4: 0}",1
1,True,"{'a': 0, 'e': 0}",25,14,23.319310142453105,"{0: 11, 1: 0, 2: 0, 3: 0, 4: 0}",1
2,True,"{'a': 0, 'e': 0}",25,18,11.361944186942802,"{0: 7, 1: 0, 2: 0, 3: 0, 4: 0}",1
3,True,"{'a': 0, 'e': 0}",25,7,33.26931162538114,"{0: 18, 1: 0, 2: 0, 3: 0, 4: 0}",1
4,True,"{'a': 0, 'e': 0}",20,4,27.54691299983553,"{0: 16, 1: 0, 2: 0, 3: 0, 4: 0}",1
5,True,"{'a': 0, 'e': 0}",20,13,12.887637417354453,"{0: 7, 1: 0, 2: 0, 3: 0, 4: 0}",1
6,True,"{'a': 0, 'e': 0}",20,0,31.993222130764327,"{0: 20, 1: 0, 2: 0, 3: 0, 4: 0}",0
7,True,"{'a': 0, 'e': 0}",30,18,21.266705437995864,"{0: 12, 1: 0, 2: 0, 3: 0, 4: 0}",1
8,True,"{'a': 0, 'e': 0}",25,13,21.337228550872084,"{0: 12, 1: 0, 2: 0, 3: 0, 4: 0}",1
9,True,"{'a': 0, 'e': 0}",30,10,33.53401233998733,"{0: 20, 1: 0, 2: 0, 3: 0, 4: 0}",1
10,True,"{'a': 0, 'e': 0}",25,11,25.03859245843191,"{0: 14, 1: 0, 2: 0, 3: 0, 4: 0}",1
11,True,"{'a': 0, 'e': 0}",30,8,38.28785111568616,"{0: 22, 1: 0, 2: 0, 3: 0, 4: 0}",1
12,True,"{'a': 0, 'e': 0}",20,14,9.64337304679124,"{0: 6, 1: 0, 2: 0, 3: 0, 4: 0}",1
13,True,"{'a': 0, 'e': 0}",20,0,27.947741130223065,"{0: 20, 1: 0, 2: 0, 3: 0, 4: 0}",0
14,True,"{'a': 0, 'e': 0}",20,6,28.162518619825523,"{0: 14, 1: 0, 2: 0, 3: 0, 4: 0}",1
15,True,"{'a': 0, 'e': 0}",20,1,34.18164437962822,"{0: 19, 1: 0, 2: 0, 3: 0, 4: 0}",1
16,True,"{'a': 0, 'e': 0}",20,10,16.196723943362347,"{0: 10, 1: 0, 2: 0, 3: 0, 4: 0}",1
17,True,"{'a': 0, 'e': 0}",20,6,24.282495465564512,"{0: 14, 1: 0, 2: 0, 3: 0, 4: 0}",1
18,True,"{'a': 0, 'e': 0}",20,7,21.22765382727745,"{0: 13, 1: 0, 2: 0, 3: 0, 4: 0}",1
19,True,"{'a': 0, 'e': 0}",20,10,19.248192200399863,"{0: 10, 1: 0, 2: 0, 3: 0, 4: 0}",1
20,True,"{'a': 0, 'e': 0}",25,8,28.265610680764215,"{0: 17, 1: 0, 2: 0, 3: 0, 4: 0}",1
21,True,"{'a': 0, 'e': 0}",30,21,15.552663454280491,"{0: 9, 1: 0, 2: 0, 3: 0, 4: 0}",1
22,True,"{'a': 0, 'e': 0}",30,15,27.022739825751113,"{0: 15, 1: 0, 2: 0, 3: 0, 4: 0}",1
23,True,"{'a': 0, 'e': 0}",25,0,37.916616552745616,"{0: 25, 1: 0, 2: 0, 3: 0, 4: 0}",0
24,True,"{'a': 0, 'e': 0}",25,17,15.011326419324226,"{0: 8, 1: 0, 2: 0, 3: 0, 4: 0}",1
25,True,"{'a': 0, 'e': 0}",20,3,27.75581448899109,"{0: 17, 1: 0, 2: 0, 3: 0, 4: 0}",1
26,True,"{'a': 0, 'e': 0}",25,10,22.29313670336518,"{0: 15, 1: 0, 2: 0, 3: 0, 4: 0}",1
27,True,"{'a': 0, 'e': 0}",20,9,23.50620983546549,"{0: 11, 1: 0, 2: 0, 3: 0, 4: 0}",1
28,True,"{'a': 0, 'e': 0}",20,8,26.335511178740703,"{0: 12, 1: 0, 2: 0, 3: 0, 4: 0}",1
29,True,"{'a': 0, 'e': 0}",25,14,18.343733962866633,"{0: 11, 1: 0, 2: 0, 3: 0, 4: 0}",1
30,True,"{'a': 0, 'e': 0}",20,11,18.436745833825622,"{0: 9, 1: 0, 2: 0, 3: 0, 4: 0}",1
31,True,"{'a': 0, 'e': 0}",25,10,26.357999922606027,"{0: 15, 1: 0, 2: 0, 3: 0, 4: 0}",1
32,True,"{'a': 0, 'e': 0}",25,16,14.67306188998278,"{0: 9, 1: 0, 2: 0, 3: 0, 4: 0}",1
33,True,"{'a': 0, 'e': 0}",20,0,29.39245647543126,"{0: 20, 1: 0, 2: 0, 3: 0, 4: 0}",0
34,True,"{'a': 0, 'e': 0}",30,19,24.150945388103466,"{0: 11, 1: 0, 2: 0, 3: 0, 4: 0}",1
35,True,"{'a': 0, 'e': 0}",20,6,28.17585010723873,"{0: 14, 1: 0, 2: 0, 3: 0, 4: 0}",1
36,True,"{'a': 0, 'e': 0}",20,0,34.93049585101409,"{0: 20, 1: 0, 2: 0, 3: 0, 4: 0}",0
37,True,"{'a': 0, 'e': 0}",20,13,11.592107114923186,"{0: 7, 1: 0, 2: 0, 3: 0, 4: 0}",1
38,True,"{'a': 0, 'e': 0}",20,0,31.31034997127497,"{0: 20, 1: 0, 2: 0, 3: 0, 4: 0}",0
39,True,"{'a': 0, 'e': 0}",25,0,36.2395688130889,"{0: 25, 1: 0, 2: 0, 3: 0, 4: 0}",0
40,True,"{'a': 0, 'e': 0}",25,7,29.392193242911148,"{0: 18, 1: 0, 2: 0, 3: 0, 4: 0}",1
41,True,"{'a': 0, 'e': 0}",20,12,14.211617445651182,"{0: 8, 1: 0, 2: 0, 3: 0, 4: 0}",1
42,True,"{'a': 0, 'e': 0}",20,9,21.048863207141054,"{0: 11, 1: 0, 2: 0, 3: 0, 4: 0}",1
43,True,"{'a': 0, 'e': 0}",25,15,15.76900073892456,"{0: 10, 1: 0, 2: 0, 3: 0, 4: 0}",1
44,True,"{'a': 0, 'e': 0}",20,10,19.819902217823948,"{0: 10, 1: 0, 2: 0, 3: 0, 4: 0}",1
45,True,"{'a': 0, 'e': 0}",30,22,15.205339543489679,"{0: 8, 1: 0, 2: 0, 3: 0, 4: 0}",1
46,True,"{'a': 0, 'e': 0}",35,22,23.812089031425575,"{0: 13, 1: 0, 2: 0, 3: 0, 4: 0}",1
47,True,"{'a': 0, 'e': 0}",25,17,16.20025114831068,"{0: 8, 1: 0, 2: 0, 3: 0, 4: 0}",1
48,True,"{'a': 0, 'e': 0}",20,4,25.18199232302904,"{0: 16, 1: 0, 2: 0, 3: 0, 4: 0}",1
49,True,"{'a': 0, 'e': 0}",20,16,8.060464431989283,"{0: 4, 1: 0, 2: 0, 3: 0, 4: 0}",1
50,True,"{'a': 0, 'e': 0}",20,7,20.628715760519817,"{0: 13, 1: 0, 2: 0, 3: 0, 4: 0}",1
51,True,"{'a': 0, 'e': 0}",20,13,13.341930768832444,"{0: 7, 1: 0, 2: 0, 3: 0, 4: 0}",1
52,True,"{'a': 0, 'e': 0}",25,15,19.373294395964162,"{0: 10, 1: 0, 2: 0, 3: 0, 4: 0}",1
53,True,"{'a': 0, 'e': 0}",30,16,20.77471167021585,"{0: 14, 1: 0, 2: 0, 3: 0, 4: 0}",1
54,True,"{'a': 0, 'e': 0}",30,21,16.796514711867157,"{0: 9, 1: 0, 2: 0, 3: 0, 4: 0}",1
55,True,"{'a': 0, 'e': 0}",35,24,16.361390999523667,"{0: 11, 1: 0, 2: 0, 3: 0, 4: 0}",1
56,True,"{'a': 0, 'e': 0}",20,12,14.05095246255241,"{0: 8, 1: 0, 2: 0, 3: 0, 4: 0}",1
57,True,"{'a': 0, 'e': 0}",25,15,20.970916163879895,"{0: 10, 1: 0, 2: 0, 3: 0, 4: 0}",1
58,True,"{'a': 0, 'e': 0}",20,14,11.190549288274974,"{0: 6, 1: 0, 2: 0, 3: 0, 4: 0}",1
59,True,"{'a': 0, 'e': 0}",20,15,10.275487416469488,"{0: 5, 1: 0, 2: 0, 3: 0, 4: 0}",1
60,True,"{'a': 0, 'e': 0}",25,0,39.2839891363558,"{0: 25, 1: 0, 2: 0, 3: 0, 4: 0}",0
61,True,"{'a': 0, 'e': 0}",35,15,35.40481948595666,"{0: 20, 1: 0, 2: 0, 3: 0, 4: 0}",1
62,True,"{'a': 0, 'e': 0}",25,0,34.64949625789173,"{0: 25, 1: 0, 2: 0, 3: 0, 4: 0}",0
63,True,"{'a': 0, 'e': 0}",25,12,25.055121938087932,"{0: 13, 1: 0, 2: 0, 3: 0, 4: 0}",1
64,True,"{'a': 0, 'e': 0}",30,20,16.846833899305864,"{0: 10, 1: 0, 2: 0, 3: 0, 4: 0}",1
65,True,"{'a': 0, 'e': 0}",20,10,19.678706630537047,"{0: 10, 1: 0, 2: 0, 3: 0, 4: 0}",1
66,True,"{'a': 0, 'e': 0}",25,10,27.878592827835682,"{0: 15, 1: 0, 2: 0, 3: 0, 4: 0}",1
67,True,"{'a': 0, 'e': 0}",25,19,10.379296010206426,"{0: 6, 1: 0, 2: 0, 3: 0, 4: 0}",1
68,True,"{'a': 0, 'e': 0}",25,8,28.257899124505563,"{0: 17, 1: 0, 2: 0, 3: 0, 4: 0}",1
69,True,"{'a': 0, 'e': 0}",20,15,7.277247264129295,"{0: 5, 1: 0, 2: 0, 3: 0, 4: 0}",1
70,True,"{'a': 0, 'e': 0}",25,8,27.3810650494328,"{0: 17, 1: 0, 2: 0, 3: 0, 4: 0}",1
71,True,"{'a': 0, 'e': 0}",30,19,17.249765593759033,"{0: 11, 1: 0, 2: 0, 3: 0, 4: 0}",1
72,True,"{'a': 0, 'e': 0}",20,0,29.12119573384197,"{0: 20, 1: 0, 2: 0, 3: 0, 4: 0}",0
73,True,"{'a': 0, 'e': 0}",20,14,11.88185408824382,"{0: 6, 1: 0, 2: 0, 3: 0, 4: 0}",1
74,True,"{'a': 0, 'e': 0}",30,20,19.97497392450792,"{0: 10, 1: 0, 2: 0, 3: 0, 4: 0}",1
75,True,"{'a': 0, 'e': 0}",20,13,13.45498829077015,"{0: 7, 1: 0, 2: 0, 3: 0, 4: 0}",1
76,True,"{'a': 0, 'e': 0}",20,12,14.488278907121348,"{0: 8, 1: 0, 2: 0, 3: 0, 4: 0}",1
77,True,"{'a': 0, 'e': 0}",20,0,32.231068900907964,"{0: 20, 1: 0, 2: 0, 3: 0, 4: 0}",0
78,True,"{'a': 0, 'e': 0}",30,0,46.217531777798406,"{0: 30, 1: 0, 2: 0, 3: 0, 4: 0}",0
79,True,"{'a': 0, 'e': 0}",20,16,8.905837622176387,"{0: 4, 1: 0, 2: 0, 3: 0, 4: 0}",1
80,True,"{'a': 0, 'e': 0}",30,12,33.56555563539727,"{0: 18, 1: 0, 2: 0, 3: 0, 4: 0}",1
81,True,"{'a': 0, 'e': 0}",20,0,34.23519543113136,"{0: 20, 1: 0, 2: 0, 3: 0, 4: 0}",0
82,True,"{'a': 0, 'e': 0}",25,10,27.51111645713348,"{0: 15, 1: 0, 2: 0, 3: 0, 4: 0}",1
83,True,"{'a': 0, 'e': 0}",25,15,17.232783138762642,"{0: 10, 1: 0, 2: 0, 3: 0, 4: 0}",1
84,True,"{'a': 0, 'e': 0}",30,15,28.897351796773957,"{0: 15, 1: 0, 2: 0, 3: 0, 4: 0}",1
85,True,"{'a': 0, 'e': 0}",20,3,24.771084058647926,"{0: 17, 1: 0, 2: 0, 3: 0, 4: 0}",1
86,True,"{'a': 0, 'e': 0}",30,7,32.779070183240584,"{0: 23, 1: 0, 2: 0, 3: 0, 4: 0}",1
87,True,"{'a': 0, 'e': 0}",25,9,26.661729171866227,"{0: 16, 1: 0, 2: 0, 3: 0, 4: 0}",1
88,True,"{'a': 0, 'e': 0}",25,11,27.320727499610687,"{0: 14, 1: 0, 2: 0, 3: 0, 4: 0}",1
89,True,"{'a': 0, 'e': 0}",25,8,29.883924592887485,"{0: 17, 1: 0, 2: 0, 3: 0, 4: 0}",1
90,True,"{'a': 0, 'e': 0}",30,11,30.46385292864756,"{0: 19, 1: 0, 2: 0, 3: 0, 4: 0}",1
91,True,"{'a': 0, 'e': 0}",25,19,12.631895449284784,"{0: 6, 1: 0, 2: 0, 3: 0, 4: 0}",1
92,True,"{'a': 0, 'e': 0}",25,17,15.767725067872059,"{0: 8, 1: 0, 2: 0, 3: 0, 4: 0}",1
93,True,"{'a': 0, 'e': 0}",30,9,35.316293531546876,"{0: 21, 1: 0, 2: 0, 3: 0, 4: 0}",1
94,True,"{'a': 0, 'e': 0}",35,18,32.40696677763299,"{0: 17, 1: 0, 2: 0, 3: 0, 4: 0}",1
95,True,"{'a': 0, 'e': 0}",20,6,22.651448327495736,"{0: 14, 1: 0, 2: 0, 3: 0, 4: 0}",1
96,True,"{'a': 0, 'e': 0}",30,11,33.74566844485505,"{0: 19, 1: 0, 2: 0, 3: 0, 4: 0}",1
97,True,"{'a': 0, 'e': 0}",25,14,25.375219864824103,"{0: 11, 1: 0, 2: 0, 3: 0, 4: 0}",1
98,True,"{'a': 0, 'e': 0}",25,15,19.186143159235165,"{0: 10, 1: 0, 2: 0, 3: 0, 4: 0}",1
99,True,"{'a': 0, 'e': 0}",25,10,28.551720040726476,"{0: 15, 1: 0, 2: 0, 3: 0, 4: 0}",1
100,True,"{'a': 0, 'e': 0}",25,20,10.181302089941902,"{0: 5, 1: 0, 2: 0, 3: 0, 4: 0}",1
101,True,"{'a': 0, 'e': 0}",30,16,22.814893248023694,"{0: 14, 1: 0, 2: 0, 3: 0, 4: 0}",1
102,True,"{'a': 0, 'e': 0}",20,8,23.72266622536445,"{0: 12, 1: 0, 2: 0, 3: 0, 4: 0}",1
103,True,"{'a': 0, 'e': 0}",30,18,21.776404432924533,"{0: 12, 1: 0, 2: 0, 3: 0, 4: 0}",1
104,True,"{'a': 0, 'e': 0}",20,10,15.835320913957837,"{0: 10, 1: 0, 2: 0, 3: 0, 4: 0}",1
105,True,"{'a': 0, 'e': 0}",20,12,17.1207358099411,"{0: 8, 1: 0, 2: 0, 3: 0, 4: 0}",1
106,True,"{'a': 0, 'e': 0}",20,9,17.084906478950195,"{0: 11, 1: 0, 2: 0, 3: 0, 4: 0}",1
107,True,"{'a': 0, 'e': 0}",25,17,15.164443025523415,"{0: 8, 1: 0, 2: 0, 3: 0, 4: 0}",1
108,True,"{'a': 0, 'e': 0}",20,0,32.53054682043548,"{0: 20, 1: 0, 2: 0, 3: 0, 4: 0}",0
109,True,"{'a': 0, 'e': 0}",30,9,35.749953185337795,"{0: 21, 1: 0, 2: 0, 3: 0, 4: 0}",1
110,True,"{'a': 0, 'e': 0}",30,20,17.31991309356491,"{0: 10, 1: 0, 2: 0, 3: 0, 4: 0}",1
111,True,"{'a': 0, 'e': 0}",20,15,10.617616034838903,"{0: 5, 1: 0, 2: 0, 3: 0, 4: 0}",1
112,True,"{'a': 0, 'e': 0}",25,17,15.290094332312295,"{0: 8, 1: 0, 2: 0, 3: 0, 4: 0}",1
113,True,"{'a': 0, 'e': 0}",25,12,24.01825357232984,"{0: 13, 1: 0, 2: 0, 3: 0, 4: 0}",1
114,True,"{'a': 0, 'e': 0}",20,5,23.15528394012484,"{0: 15, 1: 0, 2: 0, 3: 0, 4: 0}",1
115,True,"{'a': 0, 'e': 0}",20,16,9.12110591628701,"{0: 4, 1: 0, 2: 0, 3: 0, 4: 0}",1
116,True,"{'a': 0, 'e': 0}",30,15,25.811014499012327,"{0: 15, 1: 0, 2: 0, 3: 0, 4: 0}",1
117,True,"{'a': 0, 'e': 0}",20,1,31.401332647069882,"{0: 19, 1: 0, 2: 0, 3: 0, 4: 0}",1
118,True,"{'a': 0, 'e': 0}",30,16,28.80768055871338,"{0: 14, 1: 0, 2: 0, 3: 0, 4: 0}",1
119,True,"{'a': 0, 'e': 0}",30,12,31.915048955964018,"{0: 18, 1: 0, 2: 0, 3: 0, 4: 0}",1
120,True,"{'a': 0, 'e': 0}",35,22,21.114532845477804,"{0: 13, 1: 0, 2: 0, 3: 0, 4: 0}",1
121,True,"{'a': 0, 'e': 0}",20,1,33.7994237051273,"{0: 19, 1: 0, 2: 0, 3: 0, 4: 0}",1
122,True,"{'a': 0, 'e': 0}",20,3,21.39141263067852,"{0: 17, 1: 0, 2: 0, 3: 0, 4: 0}",1
123,True,"{'a': 0, 'e': 0}",20,13,12.39310573048361,"{0: 7, 1: 0, 2: 0, 3: 0, 4: 0}",1
124,True,"{'a': 0, 'e': 0}",20,9,18.257102306495266,"{0: 11, 1: 0, 2: 0, 3: 0, 4: 0}",1
125,True,"{'a': 0, 'e': 0}",30,17,25.340409900730027,"{0: 13, 1: 0, 2: 0, 3: 0, 4: 0}",1
126,True,"{'a': 0, 'e': 0}",30,4,41.39401257525586,"{0: 26, 1: 0, 2: 0, 3: 0, 4: 0}",1
127,True,"{'a': 0, 'e': 0}",30,8,38.844735126490335,"{0: 22, 1: 0, 2: 0, 3: 0, 4: 0}",1
128,True,"{'a': 0, 'e': 0}",35,17,31.14877218338791,"{0: 18, 1: 0, 2: 0, 3: 0, 4: 0}",1
129,True,"{'a': 0, 'e': 0}",30,2,47.82021230520872,"{0: 28, 1: 0, 2: 0, 3: 0, 4: 0}",1
130,True,"{'a': 0, 'e': 0}",20,13,14.214411980833585,"{0: 7, 1: 0, 2: 0, 3: 0, 4: 0}",1
131,True,"{'a': 0, 'e': 0}",30,15,32.316948262995425,"{0: 15, 1: 0, 2: 0, 3: 0, 4: 0}",1
132,True,"{'a': 0, 'e': 0}",25,18,14.061966666435968,"{0: 7, 1: 0, 2: 0, 3: 0, 4: 0}",1
133,True,"{'a': 0, 'e': 0}",20,14,12.874314473886786,"{0: 6, 1: 0, 2: 0, 3: 0, 4: 0}",1
134,True,"{'a': 0, 'e': 0}",25,0,42.962574436140066,"{0: 25, 1: 0, 2: 0, 3: 0, 4: 0}",1
135,True,"{'a': 0, 'e': 0}",30,16,25.08003870392642,"{0: 14, 1: 0, 2: 0, 3: 0, 4: 0}",1
136,True,"{'a': 0, 'e': 0}",20,9,18.14508065699284,"{0: 11, 1: 0, 2: 0, 3: 0, 4: 0}",1
137,True,"{'a': 0, 'e': 0}",25,12,22.974739047086917,"{0: 13, 1: 0, 2: 0, 3: 0, 4: 0}",1
138,True,"{'a': 0, 'e': 0}",20,12,11.299014697750277,"{0: 8, 1: 0, 2: 0, 3: 0, 4: 0}",1
139,True,"{'a': 0, 'e': 0}",25,15,17.85158561029854,"{0: 10, 1: 0, 2: 0, 3: 0, 4: 0}",1
140,True,"{'a': 0, 'e': 0}",20,3,24.252174349171607,"{0: 17, 1: 0, 2: 0, 3: 0, 4: 0}",1
141,True,"{'a': 0, 'e': 0}",25,14,21.47030958444933,"{0: 11, 1: 0, 2: 0, 3: 0, 4: 0}",1
142,True,"{'a': 0, 'e': 0}",20,12,13.887022914173054,"{0: 8, 1: 0, 2: 0, 3: 0, 4: 0}",1
143,True,"{'a': 0, 'e': 0}",25,11,23.60379378678652,"{0: 14, 1: 0, 2: 0, 3: 0, 4: 0}",1
144,True,"{'a': 0, 'e': 0}",25,6,31.217108998928744,"{0: 19, 1: 0, 2: 0, 3: 0, 4: 0}",1
145,True,"{'a': 0, 'e': 0}",20,12,14.318395361906685,"{0: 8, 1: 0, 2: 0, 3: 0, 4: 0}",1
146,True,"{'a': 0, 'e': 0}",20,5,25.654201046948025,"{0: 15, 1: 0, 2: 0, 3: 0, 4: 0}",1
147,True,"{'a': 0, 'e': 0}",30,13,30.458177342271195,"{0: 17, 1: 0, 2: 0, 3: 0, 4: 0}",1
148,True,"{'a': 0, 'e': 0}",30,11,27.43768623772769,"{0: 19, 1: 0, 2: 0, 3: 0, 4: 0}",1
149,True,"{'a': 0, 'e': 0}",25,10,27.575545637739424,"{0: 15, 1: 0, 2: 0, 3: 0, 4: 0}",1
150,True,"{'a': 0, 'e': 0}",25,10,28.47161330725647,"{0: 15, 1: 0, 2: 0, 3: 0, 4: 0}",1
